title,author,year,DOI,pubid,ucol
"tillage system and cover crop effects on soil quality: i. chemical, mechanical, and biological properties",abdollahi,2014,10.2136/sssaj2013.07.0301,basche2017,abdollahi2014
tillage system and cover crop effects on soil quality: ii. pore characteristics,abdollahi,2014,10.2136/sssaj2013.07.0302,basche2019,abdollahi2014
changes in microstructural behaviour and hydraulic functions of biochar amended soils,ajayi,2016,10.1016/j.still.2015.08.007,rabbi2021,ajayi2016
modification of chemical and hydrophysical properties of two texturally differentiated soils due to varying magnitudes of added biochar,ajayi,2016,10.1016/j.still.2016.01.011,rabbi2021,ajayi2016
impact of nitrogen management practices on nutritional status and yield of valencia orange trees and groundwater nitrate,alva,1998,10.2134/jeq1998.00472425002700040026x,qin2016,alva1998
nitrogen management for high yield and quality of citrus in sandy soils,alva,1998,10.2136/sssaj1998.03615995006200050027x,qin2016,alva1998
management effects on soil carbon dioxide fluxes under semiarid mediterranean conditions,alvaro-fuentes,2008,10.2136/sssaj2006.0310,lee2019,alvaro-fuentes2008
tillage and cropping intensification effects on soil aggregation: temporal dynamics and controlling factors under semiarid conditions,alvaro-fuentes,2008,10.1016/j.geoderma.2008.04.005,mondal2020,alvaro-fuentes2008
tillage effects on soil organic carbon fractions in mediterranean dryland agroecosystems,alvaro-fuentes,2008,10.2136/sssaj2007.0164,lee2019,alvaro-fuentes2008
corn cob biochar improves aggregate characteristics of a tropical sandy loam,amoakwah,2017,10.2136/sssaj2017.04.0112,islam2021,amoakwah2017
"soil water retention, air flow and pore structure characteristics after corn cob biochar application to a tropical sandy loam",amoakwah,2017,10.1016/j.geoderma.2017.08.025,edeh2020,amoakwah2017
"effect of sewage sludge and synthetic fertilizer on ph, available n  and p in pasture soils in semi-arid area, turkey",arvas,2011,10.5897/ajb11.110,gravuer2018,arvas2011
the effect of sewage sludge and chemical fertilizer on natural  pasture’s yield and botanical composition,arvas,2011,,gravuer2018,arvas2011
benefits of winter cover crops and no-tillage for microbial parameters in a brazilian oxisol: a long-term study,balota,2014,10.1016/j.agee.2014.07.010,mondal2020,balota2014
soil microbial properties after long-term swine slurry application to conventional and no-tillage systems in brazil,balota,2014,10.1016/j.scitotenv.2014.05.019,li2020,balota2014
effect of integrated use of farmyard manure and chemical fertilizers on soil physical properties and productivity of soybean,bandyopadhyay,2010,10.1016/j.still.2010.07.007,li2020,bandyopadhyay2010
effect of irrigation and nitrogen application methods on input use efficiency of wheat under limited water supply in a vertisol of central india,bandyopadhyay,2010,10.1007/s00271-009-0190-z,li2020,bandyopadhyay2010
conservation tillage and fertilization impact on soil aggregation and carbon pools in the indian himalayas under an irrigated rice-wheat rotation,bhattacharyya,2012,10.1097/ss.0b013e3182408f1e,mondal2020,bhattacharyya2012
conservation tillage impacts on soil aggregation and carbon pools in a sandy clay loam soil of the indian himalayas,bhattacharyya,2012,10.2136/sssaj2011.0320,li2020,bhattacharyya2012
impacts of conservation agriculture on soil aggregation and aggregate-associated n under an irrigated agroecosystem of the indo-gangetic plains,bhattacharyya,2013,10.1007/s10705-013-9585-6,mondal2020,bhattacharyya2013
tillage and irrigation effects on soil aggregation and carbon pools in the indian sub-himalayas,bhattacharyya,2013,10.2134/agronj2012.0223,mondal2020,bhattacharyya2013
earthworm populations as affected by crop practices on clay loam soil in a mediterranean climate,bilalis,2009,10.1080/09064710802342327,lee2019,bilalis2009
"effects of two legume crops, for organic green manure, on weed flora, under mediterranean conditions: competitive ability of five winter season weed species",bilalis,2009,10.5897/ajar.9000276,shackelford2019,bilalis2009
mechanical properties and organic carbon of soil aggregates in the northern appalachians,blanco-canqui,2005,10.2136/sssaj2004.0356,mondal2020,blanco-canqui2005
strength properties and organic carbon of soils in the north appalachian region,blanco-canqui,2005,10.2136/sssaj2004.0254,mondal2020,blanco-canqui2005
impacts of long-term wheat straw management on soil hydraulic properties under no-tillage,blanco-canqui,2007,10.2136/sssaj2006.0411,ranaivoson2017,blanco-canqui2007
regional assessment of soil compaction and structural properties under no-tillage farming,blanco-canqui,2007,10.2136/ssaj2007.0048,mondal2020,blanco-canqui2007
soil structure and organic carbon relationships following 10 years of wheat straw management in no-till,blanco-canqui,2007,10.1016/j.still.2007.01.004,ranaivoson2017,blanco-canqui2007
crop residue removal impacts on soil productivity and environmental quality,blanco-canqui,2009,10.1080/07352680902776507,ranaivoson2017,blanco-canqui2009
extent of soil water repellency under long-term no-till soils,blanco-canqui,2009,10.1016/j.geoderma.2008.11.036,mondal2020,blanco-canqui2009
"no-till induced increase in organic carbon reduces maximum bulk density of soils. , 73(6), ",blanco-canqui,2009,10.2136/sssaj2008.0353,li2020,blanco-canqui2009
regional study of no-till impacts on near-surface aggregate properties that influence soil erodibility,blanco-canqui,2009,10.2136/sssaj2008.0401,mondal2020,blanco-canqui2009
compaction of a clay loam soil in pannonian region of croatia under different tillage systems,bogunovic,2018,,li2020,bogunovic2018
"tillage management impacts on soil compaction, erosion and crop yield in stagnosols (croatia)",bogunovic,2018,10.1016/j.catena.2017.10.009,li2020,bogunovic2018
effect of cover crops and mulches on weed control and nitrogen fertilization in tomato (lycopersicon esculentum mill,campiglia,2010,10.1016/j.cropro.2009.12.001,shackelford2019,campiglia2010
hairy vetch (vicia villosa roth.) cover crop residue management for improving weed control and yield in no-tillage tomato (lycopersicon esculentum mill.) production,campiglia,2010,10.1016/j.eja.2010.04.001,ranaivoson2017,campiglia2010
influence of no-tillage and organic mulching on tomato (solanum lycopersicum l.) production and nitrogen use in the mediterranean environment of central italy,campiglia,2011,10.1016/j.scienta.2011.08.012,shackelford2019,campiglia2011
legume cover crops and mulches: effects on nitrate leaching and nitrogen input in a pepper crop (capsicum annuum l.),campiglia,2011,10.1007/s10705-010-9404-2,shackelford2019,campiglia2011
application of composted urban residue enhanced  the performance of afforested shrub species in a degraded semiarid land,caravaca,2003,10.1016/s0960-8524(03)00087-7,gravuer2018,caravaca2003
medium-term effects of  mycorrhizal inoculation and composted municipal waste addition on the establishment of two mediterranean shrub  species under semiarid field conditions,caravaca,2003,10.1016/s0167-8809(03)00126-9,gravuer2018,caravaca2003
evaluation of tillage influence on infiltration characteristics in a clay soil,celik,2011,,li2020,celik2011
impacts of different tillage practices on some soil microbiological properties and crop yield under semi-arid mediterranean conditions,celik,2011,,lee2019,celik2011
"desert soil fertility evolutiion under long-term fertilizing. chapter 23 in the book ""china soil fertility evolution""",che,2015,,bai2018,che2015
"loessial soil fertility evolutiion under long-term fertilizing in the loess plateau. chapter 22 in the book ""china soil fertility evolution""",che,2015,,bai2018,che2015
benefits of sediment reduction of soil erosion practices in the black region of northeast china,chen,2006,,xiong2018,chen2006
rapid restoration of grass coverage and techniques for controlling soil and water loss in eroded hilly lands,chen,2006,,xiong2018,chen2006
"effects of different water, nitrogen and density on the growth and yield of hybrid cotton",chen,2010,,cheng2021b,chen2010
impact of oxygation on soil respiration and crop physiological characteristics in pineapple,chen,2010,,du2018,chen2010
"influence of biochar use on sugarcane growth, soil parameters, and groundwater quality",chen,2010,10.1071/sr10011,edeh2020,chen2010
effects of cover crops on spider communities in tea plantations,chen,2011,10.1016/j.biocontrol.2011.09.007,jian2020,chen2011
no tillage impacts on soil organic carbon in a black soil in northeast china,chen,2011,10.1016/j.still.2018.11.016,li2020,chen2011
"effect of drought stress on agronomic traits, quality, and wue in different colored upland cotton varieties (lines)",chen,2013,10.3724/sp.j.1006.2013.02074,yu2021,chen2013
quantitative response of greenhouse tomato yield and quality to water deficit at different growth stages,chen,2013,10.1016/j.agwat.2013.07.011,yu2021,chen2013
"traffic and tillage effects on soil water conservation and winter wheat yield in the loess plateau, chaina",chen,2013,10.2478/eces-2013-0038,mondal2020,chen2013
effects of compaction and cover crops on soil least limiting water range and air permeability,chen,2014,10.1016/j.still.2013.09.004,meyer2019,chen2014
impact of tillage on physical characteristics in a mollisol of northeast china,chen,2014,10.17221/245/2014-pse,mondal2020,chen2014
effects of plastic film combined with straw mulch on grain yield and water use efficiency of winter wheat in loess plateau,chen,2015,10.1016/j.fcr.2014.11.016,lu2020,chen2015
improved grazing management may increase soil carbon sequestration in temperate steppe,chen,2015,10.1038/srep10892,byrnes2018,chen2015
"paddy soil fertility evolutiion under long-term fertilizing. chapter 35 in the book ""china soil fertility evolution""",chen,2015,,bai2018,chen2015
soil carbon storage and stratification under different tillage/residue-management practices in double rice cropping system,chen,2015,10.1016/s2095-3119(15)61068-1,li2020,chen2015
tillage impacts on net carbon flux in paddy soil of the southern china,chen,2015,10.1016/jjclepro.2014.05.014,mondal2020,chen2015
effect of biochar application on hydraulic properties of sandy soil under dry and wet conditions,chen,2018,10.2136/vzj2018.05.0101,rabbi2021,chen2018
effects of different irrigation and fertilization practices on nitrogen leaching in facility vegetable production in northeastern china,chen,2018,10.1016/j.agwat.2018.07.043,gao2020,chen2018
"effects of slag and biochar mixed amendment on soil aggregates and carbon, nitrogen distribution in paddy field of fuzhou plain",chen,2018,,islam2021,chen2018
"spatial distribution of soil moisture, soil salinity, and root density beneath a cotton field under mulched drip irrigation with brackish and fresh water",chen,2018,10.1016/j.fcr.2017.10.019,cheng2021c,chen2018
"grapevine and soil water relations with nodding needlegrass (nassella cernua), a california native grass, as a cover crop",costello,2010,10.21273/hortsci.45.4.621,winter2018,costello2010
growth and yield of cultivated grape with native perennial grasses nodding needlegrass or california barley as cover crops,costello,2010,10.21273/hortsci.45.1.154,winter2018,costello2010
changes in soil organic carbon and nitrogen as affected by tillage and residue management under wheat-maize cropping system in the north china plain,dikgwatlhe,2014,10.1016/j.still.2014.07.014,li2020,dikgwatlhe2014
tillage and residue management effects on temporal changes in soil organic carbon and fractions of a silty loam soil in the north china plain,dikgwatlhe,2014,10.1111/sum.12143,mondal2020,dikgwatlhe2014
effect of intercropping with different green manures on soil nutrient loss in camellia oleifera field,ding,2018,10.13870/j.cnki.stbcxb.2018.02.026,liu2021,ding2018
experimental studies on the coupling response of water-carbon-nitrogen migration to different irrigation methods and biochar in the salinized farmland,ding,2018,,gao2020,ding2018
water use and yield responses of cotton to alternate partial root-zone drip irrigation in the arid area of north-west china,du,2008,10.1007/s00271-007-0081-0,cheng2021b,du2008
water use efficiency and fruit quality of table grape under alternate partial root-zone drip irrigation,du,2008,10.1016/j.agwat.2008.01.017,cheng2021a,du2008
an improved water use efficiency of cereals under temporal and spatial deficit irrigation in north china,du,2010,10.1016/j.agwat.2009.08.011,yu2020,du2010
tillage and residue removal effects on soil carbon and nitrogen storage in the north china plain,du,2010,10.2136/sssaj2009.0048,mondal2020,du2010
soil properties and apricot growth under intercropping and mulching with erect milk vetch in the loess hilly-gully region,du,2015,10.1007/s11104-014-2363-7,jian2020,du2015
transition from intensive tillage to no-till enhances carbon sequestration in microaggregates of surface soil in the north china plain,du,2015,10.1016/j.still.2014.08.012,mondal2020,du2015
depth distribution and bioavailability of pollutants in long-term differently tilled soils,during,2002,10.1016/s0167-1987(02)00026-0,mondal2020,during2002
tillage effects on the accumulation of polychlorinated biphenyls in biosolid-amended soils,during,2002,10.1002/1522-2624(200206)165:3<299::aid-jpln299>3.0.co;2-b,mondal2020,during2002
"impact of five different tillage systems on soil organic carbon content and the density, biomass, and community composition of earthworms after a ten year period",ernst,2009,10.1016/j.ejsobi.2009.02.002,mondal2020,ernst2009
impact of perennial pasture and tillage systems on carbon input and soil quality indicators,ernst,2009,10.1016/j.still.2009.08.001,mondal2020,ernst2009
aggregate sizes and stability in cultivated south dakota prairie ustolls and usterts,eynard,2004,10.2136/sssaj2004.1360,mondal2020,eynard2004
porosity and pore-size distribution in cultivated ustolls and usterts,eynard,2004,10.2136/sssaj2004.1927,mondal2020,eynard2004
"crop yields, internal nutrient efficiency, and changes in soil properties in rice–wheat rotations under non-flooded mulching cultivation",fan,2005,10.1007/s11104-005-7459-7,lu2020,fan2005
effects of wild pueraria and bahia grass on soil and water conservation and soil amelioration in red soil of hilly land,fan,2005,,xiong2018,fan2005
crotalaria (c-ochroleuca g don) as a green manure in maize-bean cropping systems in uganda,fischler,1999,10.1016/s0378-4290(98)00150-6,basche2019,fischler1999
green manures for maize – bean systems in eastern uganda : agronomic performance and farmers ’ perceptions,fischler,1999,10.1023/a:1006234523163,jian2020,fischler1999
soil organic matter stratification ratio as an indicator of soil quality,franzluebbers,2002,10.1016/s0167-1987(02)00018-1,mondal2020,franzluebbers2002
water infiltration and soil structure related to organic matter and its stratification with depth,franzluebbers,2002,10.1016/s0167-1987(02)00027-2,mondal2020,franzluebbers2002
early response of soil organic fractions to tillage and integrated crop-livestock production,franzluebbers,2008,10.2136/sssaj2007.0121,mondal2020,franzluebbers2008
soil physical responses to cattle grazing cover crops under conventional and no tillage in the southern piedmont usa,franzluebbers,2008,10.1016/j.still.2008.05.011,basche2019,franzluebbers2008
composition of fungal groups associated with sewage sludge amended  grassland soils,fresquez,1990,10.1080/15324989009381228,gravuer2018,fresquez1990
soil and vegetation responses to sewage sludge on a degraded  semiarid broom snakeweed / blue grama plant community,fresquez,1990,10.2307/3898926,gravuer2018,fresquez1990
conversion from conventional to no tillage alters thermal stability of organic matter in soil aggregates,gao,2015,10.2136/sssaj2014.08.0334,mondal2020,gao2015
"red paddy soil fertility evolutiion under long-term fertilizing. chapter 37 in the book ""china soil fertility evolution""",gao,2015,,bai2018,gao2015
positive impact of regulated deficit irrigation on yield and fruit quality in a commercial citrus orchard [citrus sinensis (l,garcia-tejero,2010,10.1016/j.agwat.2009.12.005,qin2016,garcia-tejero2010
"response of citrus trees to deficit irrigation during different phenological periods in relation to yield, fruit quality, and water productivity",garcia-tejero,2010,10.1016/j.agwat.2009.12.012,qin2016,garcia-tejero2010
benefits of low-frequency irrigation in citrus orchards,garcia-tejero,2011,10.1007/s13593-011-0025-1,lee2019,garcia-tejero2011
long-term impact of sustained-deficit irrigation on yield and fruit quality in sweet orange cv. salustiana (sw spain),garcia-tejero,2011,10.14295/cs.v2i2.41 ,qin2016,garcia-tejero2011
yield response of citrus trees to different irrigation strategies in guadalquivir river basin (sw spain),garcia-tejero,2011,10.17660/actahortic.2011.922.10,qin2016,garcia-tejero2011
"infiltration, soil moisture, root rot and nematode populations after 12 years of different tillage, residue and crop rotation managements",govaerts,2007,10.1016/j.still.2006.07.013,basche2019,govaerts2007
"influence of tillage, residue management, and crop rotation on soil microbial biomass and catabolic diversity",govaerts,2007,10.1016/j.apsoil.2007.03.006,mondal2020,govaerts2007
effect of regulated deficit irrigation on cotton yield and fiber quality of island cotton,guo,2015,,cheng2021b,guo2015
effects of conservation tillage on yield of corn and soil properties in the east of hebei province,guo,2015,10.1016/0167-1987(86)90340-5,li2020,guo2015
"alkaline purplish soil fertility evolutiion under long-term fertilizing. chapter 31 in the book ""china soil fertility evolution""",han,2015,,bai2018,han2015
"brown soil fertility evolutiion under long-term fertilizing, chapter 8 in the book ""china soil fertility evolution""",han,2015,,bai2018,han2015
"effects of 10 years of conservation tillage on soil properties and productivity in the farming-pastoral ecotone of inner mongolia, china",he,2009,10.1111/j.1475-2743.2009.00210.x,mondal2020,he2009
soil physical properties and infiltration after long-term no-tillage and ploughing on the chinese loess plateau,he,2009,10.1080/01140670909510261,basche2019,he2009
grazing intensity impacts soil carbon and nitrogen storage of continental steppe,he,2011,10.1890/es10-00017.1,byrnes2018,he2011
soil properties and crop yields after 11 years of no tillage farming in wheat-maize cropping system in north china plain,he,2011,10.1016/j.still.2011.01.005,li2020,he2011
effects of different mechanical tillage methods on soil physical and chemical properties and rice yield with straw returning,he,2015,,lu2020,he2015
permanent raised beds improved crop performance and water use on the north china plain,he,2015,10.2489/jswc.70.1.54,mondal2020,he2015
population dynamics of arthropods in a sunn-hemp zucchini interplanting system,hinds,2013,10.1016/j.cropro.2013.06.003,jian2020,hinds2013
sunn hemp cover cropping and organic fertilizer effects on the nematode community under temperate growing conditions,hinds,2013,,jian2020,hinds2013
effects of biochar and straw additions on lime concretion black soil aggregate composition and organic carbon distribution,hou,2015,,islam2021,hou2015
effects of tillage on soil organic carbon and stability of soil aggregates in costal saline soil region,hou,2015,10.1016/s0167-1987(98)00092-0,li2020,hou2015
effects of conservation tillage measures on soil water and no3--n leaching in dryland maize cropland,hu,2019,10.13287/j.1001-9332.201904.009,gao2020,hu2019
effects of different management measures on soil water and nitrogen transport and crop growth in the loess plateau,hu,2019,,gao2020,hu2019
effects of biochar on properties of red soil and rye grass growth,huang,2011,,islam2021,huang2011
effects of biochar on properties of red soil and ryegrass growth,huang,2011,,omondi2016,huang2011
effects of no-tillage systems on soil physical properties and carbon sequestration under long-term wheat-maize double cropping system,huang,2015,10.1016/j.catena.2015.02.010,li2020,huang2015
"growth, yield and fruit quality of cherry tomato irrigated with saline water at different developmental stages",huang,2015,10.1080/09064710.2015.1111931,cheng2021c,huang2015
"paddy soil fertility evolutiion under long-term fertilizing. chapter 41 in the book ""china soil fertility evolution""",huang,2015,,bai2018,huang2015
"red upland soil fertility evolutiion under long-term fertilizing for continous maize cultivation. chapter 27 in the book ""china soil fertility evolution""",huang,2015,,bai2018,huang2015
"yield and n, p and k uptake and utilization of winter wheat affected by straw return to soil",huang,2015,,lu2020,huang2015
"effects of application of organic materials to apple trees through vertical holes on soil nitrate metabolism, and leaf photosynthesis of apple",huang,2018,,gao2020,huang2018
responses of soil carbon pool and soil aggregates associated organic carbon to straw and straw-derived biochar addition in a dryland cropping mesocosm system,huang,2018,10.1016/j.agee.2018.07.013,islam2021,huang2018
effect of biochar on sweet corn and soil salinity under conjunctive irrigation with brackish water in coastal saline soil,huang,2019,10.1016/j.scienta.2019.02.077,cheng2021c,huang2019
effect of straw biochar on soil properties and wheat production under saline water irrigation,huang,2019,10.3390/agronomy9080457,cheng2021c,huang2019
effect of no-tillage on soil aggregate and organic carbon storage,jiang,2012,10.3724/sp.j.1011.2012.00270,li2020,jiang2012
effect of short-term no-tillage on soil water physical property of soybean field in black soil zone,jiang,2012,,li2020,jiang2012
effects of different soil management practices on winter wheat yield and n losses on a dryland loess soil in china,jin,2008,10.1071/sr07134,mondal2020,jin2008
soil management effects on runoff and soil loss from field rainfall simulation,jin,2008,10.1016/j.catena.2008.06.002,mhazo2016,jin2008
insect-flower interactions: network structure in organic versus conventional vineyards,kehinde,2014,10.1111/acv.12118,winter2018,kehinde2014
management defines species turnover of bees and flowering plants in vineyards,kehinde,2014,10.1111/afe.12038,winter2018,kehinde2014
long-term no-till impacts on organic carbon and properties of two contrasting soils and corn yields in ohio,kumar,2012,10.2136/sssaj2012.0055,li2020,kumar2012
long-term tillage and crop rotations for 47-49 years influences hydrological properties of two soils in ohio,kumar,2012,10.2136/sssaj2012.0098,basche2019,kumar2012
water infiltration influenced by agroforestry and grass buffers for a grazed pasture system,kumar,2012,10.1007/s10457-011-9474-4,delonge2018,kumar2012
evaluation of aquacrop model in predicting wheat yield and water productivity under irrigated saline regimes,kumar,2015,10.1002/ird.1841,cheng2021c,kumar2015
"influence of growth stage specific water stress on the yield, physico-chemical quality and functional characteristics of tomato grown in shallow basaltic soils",kumar,2015,10.1016/j.scienta.2015.09.054,lu2019,kumar2015
agroforestry systems and soil surface management of a tropical alfisol,lal,1989,10.1007/bf00159065,jian2020,lal1989
"long-term tillage and wheel traffic effects on a poorly drained mollic ochraqualf in northwest ohio. 2. infiltrability, surface runoff, sub-surface flow and sediment transport",lal,1989,10.1016/0167-1987(89)90055-x,basche2019,lal1989
long-term tillage and maize monoculture effects on a tropical alfisol in western nigeria. i. crop yield and soil physical properties,lal,1997,10.1016/s0167-1987(97)00006-8,basche2019,lal1997
"mulching effects on runoff, soil erosion, and crop response on alfisols in western nigeria",lal,1997,10.1300/j064v11n02_10,ranaivoson2017,lal1997
"soil degradative effects of slope length and tillage method on alfisols in western nigeria ii. soil chemical properties, plant nutrient loss and water quality",lal,1997,10.1002/(sici)1099-145x(199709)8:3<221::aid-ldr254>3.0.co;2-p,li2020,lal1997
compost effect on bacterial  and fungal colonization of kermes oak leaf litter in a terrestrial mediterranean ecosystem,larchevêque,2005,10.1016/j.apsoil.2005.02.010,gravuer2018,larchevêque2005
vegetation dynamics after compost amendment in  a mediterranean post-fire ecosystem,larchevêque,2005,10.1016/j.agee.2005.04.006,gravuer2018,larchevêque2005
effects of irrigation volume and saline water on maize yield and soil in southern italy,leogrande,2016,10.1002/ird.1964,cheng2021c,leogrande2016
saline water and municipal solid waste compost application on tomato crop: effects on plant and soil,leogrande,2016,10.1080/01904167.2015.1084325,cheng2021c,leogrande2016
"benefits of alternate partial root-zone irrigation on growth, water and nitrogen use efficiencies modified by fertilization and soil water status in maize",li,2007,10.1007/s11104-007-9283-8,cheng2021a,li2007
effects of 15 years of conservation tillage on soil structure and productivity of wheat cultivation in northern china,li,2007,10.1071/sr07003,mondal2020,li2007
soil physical properties and their relations to organic carbon pools as affected by land use in an alpine pastureland,li,2007,10.1016/j.geoderma.2007.01.006,basche2017,li2007
wheel traffic and tillage effects on runoff and crop yield,li,2007,10.1016/j.still.2005.10.001,mhazo2016,li2007
effects of tillage and traffic on crop production in dryland farming systems: ii. long-term simulation of crop production using the perfect model,li,2008,10.1016/j.still.2008.04.005,mhazo2016,li2008
winter cover crop effects on nitrate leaching in subsurface drainage as simulated by rzwqm-dssat,li,2008,10.13031/2013.25314,meyer2019,li2008
effects of short-term tillage and fertilization on grain yields and soil properties of rice production systems in central china,li,2010,10.1016/j.still.2005.02.032,mondal2020,li2010
partial root-zone irrigation enhanced soil enzyme activities and water use of maize under different ratios of inorganic to organic nitrogen fertilizers,li,2010,10.1016/j.agwat.2009.09.014,cheng2021a,li2010
water-use efficiency and physiological responses of maize under partial root-zone irrigation,li,2010,10.1016/j.agwat.2010.01.024,cheng2021a,li2010
altitudinal pattern of grazing exclusion effects on vegetation characteristics and soil properties in alpine grasslands on the central tibetan plateau,li,2011,10.1007/s11368-018-2056-6,byrnes2018,li2011
effect of conservation tillage on dry matter accumulating and yield of winter wheat in oasis area,li,2011,10.3724/sp.j.1006.2011.00514,lu2020,li2011
effects of straw mulching treatment on characteristics of soil aggregates in weibei dryland,li,2012,,li2020,li2012
effects of tillage and nitrogen fertilizers on ch4 and co2 emissions and soil organic carbon in paddy fields of central china,li,2012,10.1371/journal.pone.0034642,mondal2020,li2012
influence of different tillage methods on soil physical and chemical properties and maize yield,li,2012,10.1016/j.still.2011.11.011,li2020,li2012
short-term effects of conservation management practices on soil labile organic carbon fractions under a rape-rice rotation in central china,li,2012,10.1016/j.still.2011.12.005,mondal2020,li2012
short-term tillage influences microbial properties of a mollisol in northeast china,li,2012,10.1007/s11368-015-1158-7,li2020,li2012
dynamics of root water uptake and water use efficiency under alternate partial root-zone irrigation,li,2013,10.1080/19443994.2013.822647,cheng2021a,li2013
"effects of different rotation modes and straw returning on soil co2 emission fluxes and moisture, heat, carbon and nitrogen conditions in wheat field",li,2013,,lu2020,li2013
"effects of elevated co2 on the growth, seed yield, and water use efficiency of soybean (glycine max (l.) merr.) under drought stress",li,2013,10.1016/j.agwat.2013.07.014,yu2021,li2013
influence of zonal grass on non-point source pollution control in orchard,li,2013,10.13870/j.cnki.stbcxb.2013.03.026,liu2021,li2013
simulation of n2o emissions and mitigation options for rainfed wheat cropping on a vertosol in the subtropics,li,2013,10.1071/sr12274,mondal2020,li2013
effect of agroforestry and time on soil and water conservation of sloping red soil in southeastern china,li,2014,10.2489/jswc.69.2.131,liu2021,li2014
effects of biochar amendment on maize growth and soil roperties in huang-huai-hai plain,li,2014,,omondi2016,li2014
"effects of combined straw and n application on the physicochemical properties of lime concretion black soil and crop yields． acta ecologica sinica，2014, 34( 17): 5052-5061．(in chinese with english abstract)",li,2014,10.5846/stxb201303210475,lu2020,li2014
influence of sod culture with the whole orchard on controlling the nitrogen and phosphorus erosion,li,2014,10.13323/j.cnki.j.fafu(nat.sci.).2014.03.015,liu2021,li2014
permanent raised beds improved soil physical properties in an annual double-cropping system,li,2014,10.2134/agronj2013.0169,li2020,li2014
"effects of combined application of biochar with nitrogen fertilizer on soil aggregate composition, microbial biomass carbon and nitrogen and crop yield in upland red soil",li,2015,,islam2021,li2015
"influences of biochars on growth, yield, water use efficiency and root morphology of winter wheat",li,2015,,gao2020,li2015
"soil ferttility and yield changes under application organic and inorganic fertilizers in the black soils. chapter 6 in the book ""china soil fertility evolution""",li,2015,,bai2018,li2015
effect of wheat straw addition with nitrogen application on physical-chemical properties of white paddy soil,li,2016,,lu2020,li2016
effects of biochar application on soil organic carbon distribution and soil aggregate composition of red soils in yunnan tobacco planting area,li,2016,,islam2021,li2016
not found,li,2016,,du2018,li2016
change of runoff nitrogen and phosphorus content: mountain orchard of guanxi pomelo in pinghe,li,2017,cnki:sun:zntb.0.2017-27-023,liu2021,li2017
effect  of  tillage  practice  on  carbon  footprint  of  rainfed  winter wheat,li,2017,,li2020,li2017
effect of conservation tillage practices on soil microbial spatial distribution and soil physico-chemical properties of the northwest dryland,li,2017,,li2020,li2017
effects of biochar on aggregate characteristics of upland red soil in subtropical china,li,2017,10.1007/s12665-017-6703-9,islam2021,li2017
the benefic effect induced by biochar on soil erosion and nutrient loss of slopping land under natural rainfall conditions in central china,li,2017,10.1016/j.agwat.2017.02.018,liu2021,li2017
effect of biochar application method on nitrogen leaching and hydraulic conductivity in a silty clay soil,li,2018,10.1016/j.still.2018.06.006,edeh2020,li2018
effect of green manure planting on nitrogen and phosphorus losses along with runoff from citrus orchards on sloping land in the danjiangkou reservoir area,li,2018,10.13869/j.cnki.rswc.2018.02.013,liu2021,li2018
effects of rice-husk biochar on sand-based rootzone amendment and creeping bentgrass growth,li,2018,10.1016/j.ufug.2018.09.001,rabbi2021,li2018
effects of straw biochar and pig manure application on the structure aggregates in mountain red soil,li,2018,,islam2021,li2018
impact of biochar addition on soil properties and water-fertilizer productivity of tomato in semi-arid region of inner mongolia,li,2018,10.1016/j.geoderma.2018.06.014,gao2020,li2018
impacts of biochar application rates and particle sizes on runoff and soil loss in small cultivated loess plots under simulated rainfall,li,2018,10.1016/j.scitotenv.2018.08.415,edeh2020,li2018
in search of long-term sustainable tillage and straw mulching practices for a maize-winter wheat-soybean rotation system in the loess plateau of china,li,2018,10.1016/j.fcr.2017.08.021,lu2020,li2018
combination of biochar and nitrogen fertilizer to improve soil aggregate stability and crop yield in lou soil,li,2019,,islam2021,li2019
"comprehensive comparison of different saline water irrigation strategies for tomato production: soil properties, plant growth, fruit yield and fruit quality",li,2019,10.1016/j.agwat.2018.11.003,cheng2021c,li2019
effects of adding biochar of different particle sizes on hydro-erosional processes in small scale laboratory rainfall experiments on cultivated loessial soil,li,2019,10.1016/j.catena.2018.10.021,rabbi2021,li2019
effects of straw and biochar on the stability of compound soil mixed with soft rock and sand,li,2019,,islam2021,li2019
impacts of biochar on soil bulk density and aggregates of lou soil,li,2019,,islam2021,li2019
effect of tillage systems on glomalin-related soil protein in an aquic brown soil,liang,2010,10.7717/peerj.9375/supp-12,mondal2020,liang2010
short-term impacts of no tillage on aggregate-associated c in black soil of northeast china,liang,2010,10.1016/s1671-2927(09)60072-9,mondal2020,liang2010
study on characteristic of soil and water loss and effect of crop yield by cross ridge in purple soil of sloping farmland,lin,2007,,xiong2018,lin2007
the effects of plant hedgerows on soil erosion and soil fertility on sloping farmland in the purple soil area,lin,2007,,xiong2018,lin2007
comparative study of effects of soil and water conservation on sloping land orchard of red soil,liu,2006,10.13961/j.cnki.stbctb.2006.04.002,liu2021,liu2006
dynamics of aquicbrown soil enzyme activities under no-tillage,liu,2006,,li2020,liu2006
"effects of deficit water deficit levels on the growth and development, yield and quality of tomato",liu,2006,10.1016/j.agwat.2009.08.021,lu2019,liu2006
characteristics of red soil nutrient loss of sloped land with different soil and water conservation measures under the conditions of natural rainfall,liu,2007,10.14123/j.cnki.swcc.2007.12.015,liu2021,liu2007
study on soil and water erosion by different slope under four kinds of vegetation in the middle and south shandong province,liu,2007,,xiong2018,liu2007
effects of no-tillage management on soil biochemical characteristics in northern china,liu,2010,10.1017/s0021859609990463,mondal2020,liu2010
nitrogen and phosphorus loss characteristics on sloping land runoff in citrus orchard with different mulching practices in the danjiangkou reservoir area,liu,2010,,liu2021,liu2010
effect of biochar on soil aggregates in the loess plateau: results from incubation experiments,liu,2012,,islam2021,liu2012
"effects of irrigation water quality and drip tape arrangement on soil salinity, soil moisture distribution, and cotton yield (gossypium hirsutum l.) under mulched drip irrigation in xinjiang, china",liu,2012,10.1016/s2095-3119(12)60036-7,cheng2021c,liu2012
impact of grazing on soil carbon and microbial biomass in typical steppe and desert steppe of inner mongolia,liu,2012,10.1371/journal.pone.0036434,byrnes2018,liu2012
runoff and nutrient losses in citrus orchards on sloping land subjected to different surface mulching practices in the danjiangkou reservoir area of china,liu,2012,10.1016/j.agwat.2012.03.011,liu2021,liu2012
"effect of conservation and conventional tillage on soil water storage, water use efficiency and productivity of corn and soybean in northeast china",liu,2013,10.1080/09064710.2012.762803,li2020,liu2013
effects of biochar application on soil improvement on the loess plateau,liu,2013,,islam2021,liu2013
effects of different application rates of rice straw biochar and bamboo biochar on yield and quality of greengrocery (brassica chinensis) and soil properties,liu,2013,,omondi2016,liu2013
effects of biochar amendment on rapeseed and sweet potato yields and water stable aggregate in upland red soil,liu,2014,10.1016/j.catena.2014.07.005,islam2021,liu2014
long-term effects of no-tillage management practice on soil organic carbon and its fractions in the northern china,liu,2014,10.1016/j.geoderma.2013.08.021,li2020,liu2014
straw mulching reduces the harmful effects of extreme hydrological and temperature conditions in citrus orchards,liu,2014,10.1371/journal.pone.0087094,liu2021,liu2014
effects of two conservation tillage measure on soil aggregates stability,liu,2015,,li2020,liu2015
"fertility evolutiion of the black soil under different tillage, chapter 7 in the book ""china soil fertility evolution""",liu,2015,,bai2018,liu2015
"hilly red paddy soil fertility evolutiion under long-term fertilizing. chapter 40 in the book ""china soil fertility evolution""",liu,2015,,bai2018,liu2015
"influences of irrigation amount and ditch depth on water requirement, water and nitrogen use efficiency of cotton under furrow irrigation",liu,2015,,cheng2021b,liu2015
journal of yangzhou university (agricultural and life science edition),liu,2015,10.16872/j.cnki.1671-4652.2015.04.023,liu2021,liu2015
"non-calcareous fluvo-acqic soil fertility evolutiion under long-term fertilizing and fertilizing technologies. chapter 16 in the book ""china soil fertility evolution""",liu,2015,,bai2018,liu2015
seasonal changes and vertical distributions of soil organic carbon pools under conventional and no-till practices on loess plateau in china,liu,2015,10.2136/sssaj2014.02.0069,bai2018,liu2015
biochar increased water holding capacity but accelerated organic carbon leaching from a sloping farmland soil in china,liu,2016,10.1007/s11356-015-4885-9,rabbi2021,liu2016
effects of regulated deficit irrigation and plant density o plant growth and yield and fiber quality of cotton in dry land area,liu,2016,,cheng2021b,liu2016
effects of saline irrigation on soil salt accumulation and grain yield in the winter wheat-summer maize double cropping system in the low plain of north china,liu,2016,10.1016/s2095-3119(15)61328-4,cheng2021c,liu2016
"effects of water stress on photosynthetic characteristics, dry matter translocation and wue in two winter wheat genotypes",liu,2016,10.1016/j.agwat.2015.12.026,yu2020,liu2016
impacts of biochar concentration and particle size on hydraulic conductivity and doc leaching of biocharâ€“sand mixtures,liu,2016,10.1016/j.jhydrol.2015.12.007,rabbi2021,liu2016
one-time strategic tillage does not cause major impacts on soil microbial properties in a no-till calcisol,liu,2016,10.1016/j.still.2015.12.007,peixoto2020,liu2016
winter cover crops alter methanotrophs community structure in a double-rice paddy soil,liu,2016,10.1016/s2095-3119(15)61206-0,jian2020,liu2016
"biochar particle size, shape, and porosity act together to influence soil water properties",liu,2017,10.1371/journal.pone.0179079,edeh2020,liu2017
effects of biochar application on soil structure and organic carbon fractions in dry farmland,liu,2017,,islam2021,liu2017
"impact of wood biochar and its interactions with mycorrhizal fungi, phosphorus fertilization and irrigation strategies on potato growth",liu,2017,10.1111/jac.12185,gao2020,liu2017
"responses of yield, water use efficiency and quality of short-season cotton to irrigation management: interactive effects of irrigation methods and deficit irrigation",liu,2017,10.1007/s00271-016-0526-4,cheng2021b,liu2017
"carbon sequestration by tillage, rotation, and nitrogen fertilization in a mediterranean vertisol",lopez-bellido,2010,10.2134/agronj2009.0165,mondal2020,lopez-bellido2010
"does north appalachian agriculture contribute to soil carbon sequestration? agriculture ecosystems & environment, 137, 373-376",lopez-bellido,2010,10.1016/j.agee.2010.03.012,mondal2020,lopez-bellido2010
can no-tillage stimulate carbon sequestration in agricultural soils? a meta-analysis of paired experiments,luo,2010,10.1016/j.agee.2010.08.006,bai2018,luo2010
effect of water content in root zone on root growth and yield of cotton under drip irrigation with film mulching,luo,2010,,cheng2021b,luo2010
drip irrigation with suitable saline water improves water use efficiency for cotton,ma,2013,,cheng2021c,ma2013
effects of slight saline water irrigation on soil salinity and crop yield,ma,2013,,cheng2021c,ma2013
effects of saline water irrigation on key nitrifying microorganims in a drip-irrigation cotton field,ma,2015,,cheng2021c,ma2015
"fluvo-acqic soil fertility evolutiion and yield under long-term fertilizing and straw retention, chapter 14 in the book ""china soil fertility evolution""",ma,2015,,bai2018,ma2015
biochar improves soil aggregate stability and water availability in a mollisol after three years of field application,ma,2016,10.1371/journal.pone.0154091,edeh2020,ma2016
"nitrogen and phosphorus losses by runoff erosion: field data monitored under natural rainfall in three gorges reservoir area, china",ma,2016,10.1016/j.catena.2016.09.004,liu2021,ma2016
effects of organic management on water-extractable organic matter and c mineralization in european arable soils,marinari,2010,10.1016/j.still.2009.12.010,jian2020,marinari2010
soil carbon and nitrogen mineralization kinetics in organic and conventional three-year cropping systems,marinari,2010,10.1016/j.still.2010.06.002,jian2020,marinari2010
biowaste effects on soil and native plants in a semiarid  ecosystem,martínez,2003,10.2134/jeq2003.0472,gravuer2018,martínez2003
effects on run-off water quantity and  quality of urban organic wastes applied in a degraded semi-arid ecosystem,martínez,2003,10.1016/s0048-9697(02)00472-2,gravuer2018,martínez2003
"long-term management effects on runoff, erosion, and crop production",mcgregor,1999,10.13031/2013.13213,sun2015,mcgregor1999
runoff and soil loss from cotton plots with and without stiff-grass hedges,mcgregor,1999,10.1016/j.still.2006.03.010,sun2015,mcgregor1999
conservation tillage: short- and long-term effects on soil carbon fractions and enzymatic activities under mediterranean conditions,melero,2009,10.1016/j.still.2009.04.001,lee2019,melero2009
long-term effects of conservation tillage on organic fractions in two soils in southwest of spain,melero,2009,10.1016/j.agee.2009.05.004,lee2019,melero2009
soil biochemical response after 23 years of direct drilling under a dryland agriculture system in southwest spain,melero,2009,10.1017/s0021859608008204,lee2019,melero2009
denitrification in a vertisol under long-term tillage and no-tillage management in dryland agricultural systems: key genes and potential rates,melero,2011,10.1016/j.apsoil.2010.12.003,mondal2020,melero2011
"implementation of chiselling and mouldboard ploughing in soil after 8 years of no-till management in sw, spain: effect on soil quality",melero,2011,10.1016/j.still.2010.12.001,lee2019,melero2011
"long-term effect of tillage, rotation and nitrogen fertiliser on soil quality in a mediterranean vertisol",melero,2011,10.1016/j.still.2011.04.007,lee2019,melero2011
subsurface herbicide application with the modified john deere mulch master,mickelson,2001,10.13031/2013.6244,sun2015,mickelson2001
"tillage and herbicide incorporation effects on residue cover, runoff, erosion, and herbicide loss",mickelson,2001,10.1016/s0167-1987(01)00170-2,sun2015,mickelson2001
"tillage and cover cropping affect crop yields and soil carbon in the san joaquin valley, california",mitchell,2015,10.2134/agronj14.0415,shackelford2019,mitchell2015
"trade-offs between winter cover crop production and soil water depletion in the san joaquin valley, california",mitchell,2015,10.2489/jswc.70.6.430,meyer2019,mitchell2015
root growth of barley as affected by tillage systems and nitrogen fertilization in a semiarid mediterranean agroecosystem,morell,2011,10.2134/agronj2011.0031,lee2019,morell2011
yield and water use efficiency of barley in a semiarid mediterranean agroecosystem: long-term effects of tillage and n fertilization,morell,2011,10.1016/j.still.2011.09.002,lee2019,morell2011
"water balance simulation of a dryland soil during fallow under conventional and conservation tillage in semiarid aragon, northeast spain",moret,2007,10.1016/j.still.2006.03.012,mondal2020,moret2007
winter barley performance under different cropping and tillage systems in semiarid aragon (ne spain),moret,2007,10.1016/j.eja.2006.08.007,lee2019,moret2007
crop residue effects on nitrogen yield in water and sediment runoff from two tillage systems,mostaghimi,1992,10.1016/0167-8809(92)90053-e,sun2015,mostaghimi1992
effects of sludge and chemical fertilizer application on runoff water-quality,mostaghimi,1992,10.1111/j.1752-1688.1992.tb03176.x,sun2015,mostaghimi1992
soil chemical quality changes and implications for fertilizer management after 11 years of no-tillage wheat production systems in semiarid morocco,mrabet,2001,10.1002/ldr.464,mondal2020,mrabet2001
"total, particulate organic matter and structural stability of a calcixeroll soil under different wheat rotations and tillage systems in a semiarid area of morocco",mrabet,2001,10.1016/s0167-1987(00)00180-x,mondal2020,mrabet2001
the effect of different improvement methods on  pasture yield and quality of hay obtained from the abandoned rangeland,mut,2010,10.3923/javaa.2010.1539.1545,gravuer2018,mut2010
the effects of sheep manure application time and  rates on yield and botanical composition of secondary succession rangeland,mut,2010,10.1556/crc.35.2007.2.118,gravuer2018,mut2010
cover crop termination timing on rice crop production in a no-till system,nascente,2013,10.2135/cropsci2013.01.0047,jian2020,nascente2013
cover crops and no-till effects on physical fractions of soil organic matter,nascente,2013,10.1016/j.still.2013.02.008,mondal2020,nascente2013
fractal analysis of soil water hysteresis as influenced by  sewage sludge application,ojeda,2006,10.1016/j.geoderma.2006.03.011,gravuer2018,ojeda2006
nitrogen losses in runoff waters from a loamy soil  treated with sewage sludge,ojeda,2006,10.1016/j.agee.2006.02.017,gravuer2018,ojeda2006
determinants of annual fluxes of co2 and n2o in long-term no-tillage and conventional tillage systems in northern france,oorts,2007,10.1016/j.still.2006.12.002,mondal2020,oorts2007
modeling soil carbon and nitrogen dynamics in no-till and conventional tillage using pastis model,oorts,2007,10.2136/sssaj2006.0203,li2020,oorts2007
assessment of maximum daily trunk shrinkage signal intensity threshold values for deficit irrigation in lemon trees,ortuno,2009,10.1016/j.agwat.2008.07.001,qin2016,ortuno2009
maximum daily trunk shrinkage and stem water potential reference equations for irrigation scheduling of lemon trees,ortuno,2009,10.1007/s00271-008-0126-z,qin2016,ortuno2009
effects of conservation tillage on the sloping cultivated land of a young orchard,pan,2016,10.16843/j.sswc.2016.03.018,liu2021,pan2016
effects of long-term tillage and mulching methods on properties of surface soil and maize yield in tableland region of the loess plateau,pan,2016,10.22541/au.159809488.80533199/v2,li2020,pan2016
effects of conventional tillage and no tillage permutations on extracellular soil enzyme activities and microbial biomass under rice cultivation,pandey,2014,10.1016/j.still.2013.09.013,mondal2020,pandey2014
recalcitrant and labile carbon pools in a sub-humid tropical soil under different tillage combinations: a case study of rice-wheat system,pandey,2014,10.1016/j.still.2014.06.001,mondal2020,pandey2014
conventional tillage versus organic farming in relation to soil organic carbon stock in olive groves in mediterranean rangelands (southern spain),parras-alcantara,2014,10.5194/se-5-299-2014,lee2019,parras-alcantara2014
organic farming has little effect on carbon stock in a mediterranean dehesa (southern spain),parras-alcantara,2014,10.1016/j.catena.2013.09.002,lee2019,parras-alcantara2014
"effects of combined application of biochar, organic fertilizer and chemical fertilizer on photosynthetic characteristics of spring maize",peng,2016,,gao2020,peng2016
"the impact of manure, straw and biochar amendments on aggregation and erosion in a hillslope ultisol",peng,2016,10.1016/j.catena.2015.11.008,islam2021,peng2016
influence of crop management practices on bean foliage arthropods,pereira,2010,10.1017/s0007485310000039,ranaivoson2017,pereira2010
physical quality of an oxisol cultivated with maize submitted to cover crops in the pre-cropping period,pereira,2010,10.1590/s0100-06832010000100021,mondal2020,pereira2010
maize and sesbania production in relay cropping at three landscape positions in malawi,phiri,1999,10.1023/a:1006263312685,jian2020,phiri1999
soil nitrate dynamics in relation to nitrogen source and landscape position in malawi,phiri,1999,10.1023/a:1006279817228,jian2020,phiri1999
soil aggregate stability as affected by fertilization type under semiarid no-tillage conditions,plaza-bonilla,2013,10.2136/sssaj2012.0258,lee2019,plaza-bonilla2013
soil aggregation and organic carbon protection in a no-tillage chronosequence under mediterranean conditions,plaza-bonilla,2013,10.1016/j.geoderma.2012.10.022,lee2019,plaza-bonilla2013
soil carbon dioxide and methane fluxes as affected by tillage and n fertilization in dryland conditions,plaza-bonilla,2014,10.1007/s11104-014-2115-8,lee2019,plaza-bonilla2014
soil management effects on greenhouse gases production at the macroaggregate scale,plaza-bonilla,2014,10.1016/j.soilbio.2013.10.026,lee2019,plaza-bonilla2014
winter cereal root growth and aboveground-belowground biomass ratios as affected by site and tillage system in dryland mediterranean conditions,plaza-bonilla,2014,10.1007/s11104-013-1926-3,lee2019,plaza-bonilla2014
soil organic carbon and nitrogen in a mollisol in central ohio as affected by tillage and land use,puget,2005,10.1016/j.still.2004.03.018,mondal2020,puget2005
stock and distribution of total and corn-derived soil organic carbon in aggregate and primary particle fractions for different land use and soil management practices,puget,2005,10.1097/01.ss.000162288.02761.37,mondal2020,puget2005
simulating long-term impacts of winter rye cover crop on hydrologic cycling and nitrogen dynamics for a corn-soybean crop system,qi,2011,10.13031/2013.39836,meyer2019,qi2011
"soil water dynamics under various agricultural land covers on a subsurface drained field in north-central iowa, usa",qi,2011,10.1016/j.agwat.2010.11.004,meyer2019,qi2011
methane and nitrous oxide emissions from organic and conventional rice cropping systems in southeast china,qin,2010,10.1007/s00374-010-0493-5,jian2020,qin2010
responses of soil chemical and microbial indicators to conservational tillage versus traditional tillage in the north china plain,qin,2010,10.1016/j.ejsobi.2010.04.006,mondal2020,qin2010
"soil organic carbon, nutrients and relevant enzyme activities in particle-size fractions under conservational versus traditional agricultural management",qin,2010,10.1016/j.apsoil.2010.03.007,mondal2020,qin2010
impact of managing cover crop residues on the floristic composition and species diversity of the weed community of pepper crop (capsicum annuum l,radicetti,2013,10.1016/j.cropro.2012.10.017,ranaivoson2017,radicetti2013
influence of winter cover crop residue management on weeds and yield in pepper (capsicum annuum l,radicetti,2013,10.1016/j.cropro.2013.05.010,shackelford2019,radicetti2013
biosolids application in the chihuahuan desert: effects on runoff water  quality,rostagno,2001,10.2134/jeq2001.301160x,gravuer2018,rostagno2001
surface application of biosolids in the chihuahuan desert: effects on soil  physical properties,rostagno,2001,10.1080/15324980152119793,gravuer2018,rostagno2001
soil organic carbon and fertility interactions affected by a tillage chronosequence in a brazilian oxisol,sa,2009,10.1016/j.still.2008.11.007,mondal2020,sa2009
stratification ratio of soil organic matter pools as an indicator of carbon sequestration in a tillage chronosequence on a brazilian oxisol,sa,2009,10.1016/j.still.2008.09.003,mondal2020,sa2009
carbon supply and storage in tilled and nontilled soils as influenced by cover crops and nitrogen fertilization,sainju,2006,10.2134/jeq2005.0189,jian2020,sainju2006
tillage and crop rotation effects on dryland soil and residue carbon and nitrogen,sainju,2006,10.2136/sssaj2005.0089,mondal2020,sainju2006
"tillage, cover crops, and nitrogen fertilization effects on soil nitrogen and cotton and sorghum yields",sainju,2006,10.2134/agronj2004.0213,jian2020,sainju2006
"accumulation and crop uptake of soil mineral nitrogen as influenced by tillage, cover crops, and nitrogen fertilization",sainju,2007,10.2134/agronj2006.0177,ranaivoson2017,sainju2007
cover crop effect on soil carbon fractions under conservation tillage cotton,sainju,2007,10.1016/j.still.2007.06.006,jian2020,sainju2007
dryland plant biomass and soil carbon and nitrogen fractions on transient land as influenced by tillage and crop rotation,sainju,2007,10.1016/j.still.2006.06.003,jian2020,sainju2007
long-term tillage and cropping sequence effects on dryland residue and soil carbon fractions,sainju,2007,10.2136/ssaj2006.0433,mondal2020,sainju2007
dryland soil carbon and nitrogen after thirty years of tillage and cropping sequence combination,sainju,2015,10.2134/agronj15.0106,mondal2020,sainju2015
dryland soil chemical properties and crop yields affected by long-term tillage and cropping sequence.  ,sainju,2015,10.1186/s40064-015-1122-4,li2020,sainju2015
effects of grazing intensity and prescribed fire on soil physical and hydrological properties and pasture yield in the savanna woodlands of burkina faso,savadogo,2007,10.1016/j.agee.2006.05.002,delonge2018,savadogo2007
fuel and fire characteristics in savanna - woodland of west africa in relation to grazing and dominant grass type,savadogo,2007,10.1071/wf07011,byrnes2018,savadogo2007
long-term soil management effects on crop yields and soil quality in a dryland alfisol,sharma,2005,10.1016/j.still.2004.08.002,li2020,sharma2005
"tillage effects on soil physical properties and performance of rice-wheat-cropping system under shallow water table conditions of tarai, northern india",sharma,2005,10.1016/j.eja.2005.01.003,basche2019,sharma2005
twenty years of conservation tillage research in subarctic alaska - ii,sharratt,2006,10.1016/j.still.2006.01.010,mondal2020,sharratt2006
twenty years of tillage research in subarctic alaska,sharratt,2006,10.1016/j.still.2005.11.006,basche2019,sharratt2006
an assessment of the soil microbial status after 17 years of tillage and mineral p fertilization management,shi,2012,10.1016/j.apsoil.2012.07.004,mondal2020,shi2012
contribution of winter soil respiration to annual soil co2 emission in a mollisol under different tillage practices in northeast china,shi,2012,10.1029/2011gb004054,mondal2020,shi2012
impact of ridge tillage on soil organic carbon and selected physical properties of a clay loam in southwestern ontario,shi,2012,10.1016/j.still.2012.01.003,mondal2020,shi2012
compensation effect of nitrogen fertilizer on photosynthetic characteristics and yield during cotton flowering boll-setting stage under non-sufficient drip irrigation,shi,2018,10.3724/sp.j.1006.2018.01196,cheng2021b,shi2018
effects of biochar and water retaining agent on the growth of anthurium scherzerianum schott,shi,2018,,gao2020,shi2018
long-term effects of improved legume fallows on soil invertebrate macrofauna and maize yield in eastern zambia,sileshi,2006,10.1016/j.agee.2005.12.010,jian2020,sileshi2006
variation in macrofaunal communities under contrasting land use systems in eastern zambia,sileshi,2006,10.1016/j.apsoil.2005.09.003,jian2020,sileshi2006
"conservation tillage and manure effect on soil aggregation, yield and energy requirement for wheat (triticum aestivum) in vertisols",singh,2014,10.13031/aim.20141912652,mondal2020,singh2014
impact of long-term zero till wheat on soil physical properties and wheat productivity under rice-wheat cropping system,singh,2014,10.1016/j.still.2014.03.002,mondal2020,singh2014
effect of growth stage based irrigation on soil water extraction and water use efficiency of spring safflower cultivars,singh,2016,10.1016/j.agwat.2016.08.023,yu2021,singh2016
"soil physical properties, yield trends and economics after five years of conservation agriculture based rice-maize system in north-western india",singh,2016,10.1016/j.still.2015.08.001,basche2019,singh2016
long-term impacts of infrequent  biosolids applications on chemical and microbial properties of a semi-arid rangeland soil,sullivan,2006,10.1007/s00374-005-0023-z,gravuer2018,sullivan2006
parallel shifts in plant and soil microbial  communities in response to biosolids in a semi-arid grassland,sullivan,2006,10.1016/j.soilbio.2005.05.018,gravuer2018,sullivan2006
effects of different tillage systems on soil hydrothermal regimes in rain-fed field of inner mongolia,sun,2010,10.1016/j.still.2017.11.011,li2020,sun2010
effects of tillage mode on soil erosion of rain-fed cropland in inner mongolia,sun,2010,,sun2015,sun2010
distribution of soil carbon and microbial biomass in arable soils under different tillage regimes,sun,2011,10.1007/s11104-010-0459-2,mondal2020,sun2011
grazing depresses soil carbon storage through changing plant biomass and composition in a tibetan alpine meadow,sun,2011,10.17221/7/2011-pse,byrnes2018,sun2011
changes in soil organic carbon and its chemical fractions under different tillage practices on loess soils of the guanzhong plain in north-west china,sun,2013,10.1111/sum.12046,mondal2020,sun2013
direct and indirect short-term effects of biochar on physical characteristics of an arable sandy loam,sun,2013,10.1097/ss.0000000000000010,rabbi2021,sun2013
alternate partial root-zone drying irrigation improves fruit quality in tomatoes,sun,2014,10.17221/259/2013-hortsci,cheng2021a,sun2014
"biochars improve aggregate stability, water retention, and pore-space properties of clayey soil",sun,2014,10.1002/jpln.201200639,omondi2016,sun2014
effects of different biochar rates on physical and chemical properties of red soil and maize growth,sun,2014,,omondi2016,sun2014
no tillage combined with crop rotation improves soil microbial community composition and metabolic activity,sun,2016,10.1007/s11356-015-5812-9,li2020,sun2016
study on application effect of different soil and water conservation measures in gannan navel orange orchard,sun,2016,10.3969/j.issn.1000-0941.2016.08.005,liu2021,sun2016
effect of biochar amendment on water infiltration in a coastal saline soil,sun,2018,10.1007/s11368-018-2001-8,rabbi2021,sun2018
effects of biochar levels on winter wheat yield and water-use efficiency in loess plateau,sun,2018,,gao2020,sun2018
effects of biochar on stability of soil aggregates and active organic carbon in black soil,sun,2018,,islam2021,sun2018
"physico-chemical indicators and microarthropod communities as influenced by no-till, conventional tillage and nitrogen fertilisation after four years of continuous maize",tabaglio,2009,10.1016/j.still.2009.06.006,mondal2020,tabaglio2009
"soil quality indicators as influenced by no-tillage, conventional tillage and nitrogen fertilization after 3 years of continuous maize in the po valley",tabaglio,2009,,mondal2020,tabaglio2009
effect of grazing on plant attributes and hydrological properties in the sloping lands of the east african highlands,taddese,2002,10.1007/s00267-002-2727-2,delonge2018,taddese2002
"impact of grazing on plant species richness, plant biomass, plant attribute, and soil physical and hydrological properties of vertisol in east african highlands",taddese,2002,10.1007/s00267-001-0014-2,delonge2018,taddese2002
"biochar application to a fertile sandy clay loam in boreal conditions: effects on soil properties and yield formation of wheat, turnip rape and faba bean",tammeorg,2014,10.1007/s11104-013-1851-5,omondi2016,tammeorg2014
short-term effects of biochar on soil properties and wheat yield formation with meat bone meal and inorganic fertiliser on a boreal loamy sand,tammeorg,2014,10.1016/j.agee.2014.01.007,edeh2020,tammeorg2014
biomass allocation and yield formation of cotton under partial rootzone irrigation in arid zone,tang,2010,10.1007/s11104-010-0537-5,cheng2021a,tang2010
"partial rootzone irrigation increases water use efficiency, maintains yield and enhances economic profit of cotton in arid area",tang,2010,10.1016/j.agwat.2010.05.006,cheng2021a,tang2010
n2o and ch4 emissions from a fallow-wheat rotation with low n input in conservation and conventional tillage under a mediterranean agroecosystem,tellez-rio,2015,10.1016/j.scitotenv.2014.11.041,lee2019,tellez-rio2015
nitrous oxide and methane emissions from a vetch cropping season are changed by long-term tillage practices in a mediterranean agroecosystem,tellez-rio,2015,10.1007/s00374-014-0952-5,mondal2020,tellez-rio2015
aggregate c depletion by plowing and its restoration by diverse biomass-c inputs under no-till in sub-tropical and tropical regions of brazil,tivet,2013,10.1016/j.still.2012.09.004,mondal2020,tivet2013
soil organic carbon fraction losses upon continuous plow-based tillage and its restoration by diverse biomass-c inputs under no-till in sub-tropical and tropical regions of brazil,tivet,2013,10.1016/j.geoderma.2013.06.008,mondal2020,tivet2013
conservation tillage to effectively reduce interrill erodibility of highly-weathered ultisols,truman,2009,10.2489/jswc.64.4.265,sun2015,truman2009
improved water capture and erosion reduction through furrow diking,truman,2009,10.1016/j.agwat.2008.12.002,mhazo2016,truman2009
long-term tillage effects on soil carbon storage and carbon dioxide emissions in continuous corn cropping system from an alfisol in ohio,ussiri,2009,10.1016/j.still.2008.11.008,mondal2020,ussiri2009
nitrous oxide and methane emissions from long-term tillage under a continuous corn cropping system in ohio,ussiri,2009,10.1016/j.still.2009.03.001,mondal2020,ussiri2009
benefits of biological measures to the soil and water conservation in gannan mountain area,wang,2008,,xiong2018,wang2008
"modeling the impacts of soil management practices on runoff, sediment yield, maize productivity, and soil organic carbon using apex",wang,2008,10.1016/j.still.2008.07.014,mhazo2016,wang2008
"soil chemical properties and microbial biomass after 16 years of no-tillage farming on the loess plateau, china",wang,2008,10.1016/j.geoderma.2008.01.003,li2020,wang2008
traffic and tillage effects on runoff and soil loss on the loess plateau of northern china,wang,2008,10.1071/sr08063,sun2015,wang2008
effects of alley crop planting on soil and nutrient losses in the citrus orchards of the three gorges region,wang,2010,10.1016/j.still.2010.08.012,liu2021,wang2010
effects of water and phosphorus on yield and water use efficiency of cotton with drip irrigation under mulch,wang,2010,,cheng2021b,wang2010
characteristics of runoff and sediment production from orchard plots under different mixed and relay plantations in hilly area with red soils,wang,2011,10.13870/j.cnki.stbcxb.2011.04.025,liu2021,wang2011
effect of conservation tillage on wheat yield and soil physicochemical properties in the south of loess plateau,wang,2011,,li2020,wang2011
effects of long-term zero-tillage on soil physiochemical properties and enzyme activities in cinnamon soil,wang,2011,,li2020,wang2011
long-term impact of farming practices on soil organic carbon and nitrogen pools and microbial biomass and activity,wang,2011,10.1016/j.still.2011.08.002,bai2018,wang2011
surface soil phosphorus and phosphatase activities affected by tillage and crop residue input amounts,wang,2011,,ranaivoson2017,wang2011
effects of application of potassium fertilizer and straw returning on crop yields and soil potassium balance in low- yielding fields,wang,2012,,lu2020,wang2012
effects of coupling of precise straw-return and nitrogen fertilizer on photosynthetic characteristics after anthesis and yield of winter wheat,wang,2012,,lu2020,wang2012
effects of tillage and residue management on soil microbial communities in north china,wang,2012,10.17221/416/2011-pse,mondal2020,wang2012
"effects of tillage mangement on microbiological characteristics related to transformation of carbon, nitrogen, and phosphorus in luvo-aquic soil",wang,2013,10.3724/sp.j.1145.2013.00868,li2020,wang2013
impact of drip and level-basin irrigation on growth and yield of winter wheat in the north china plain,wang,2013,10.1007/s00271-012-0384-7,yu2020,wang2013
study on the cotton-water-solute interactions under mulched drip irrigation with brackish water in an arid area,wang,2013,,cheng2021c,wang2013
brackish water irrigation of greenhouse tomato in non-cultivated land,wang,2014,,cheng2021c,wang2014
effect of regulated deficit irrigation on yield and water use efficiency of processing tomato (solanum lycopersicum),wang,2014,10.4028/www.scientific.net/amr.864-867.2009,lu2019,wang2014
effects of straw returning and plastic film mulching on dryland maize yield in northwest china,wang,2014,,lu2020,wang2014
effects of tillage and residue incorporation on composition and abundance of microbial communities of a fluvo-aquic soil,wang,2014,10.1016/j.ejsobi.2014.10.003,mondal2020,wang2014
impacts of 9 years of a new conservational agricultural management on soil organic carbon fractions,wang,2014,10.1016/j.still.2014.05.004,mondal2020,wang2014
planting pattern and irrigation effects on water-use efficiency of winter wheat,wang,2014,10.2135/cropsci2013.06.0363,yu2020,wang2014
dynamic response of soil moisture in navel orange orchard to rainfall and grass cover,wang,2015,10.13698/j.cnki.cn36-1037/c.2015.06.013,liu2021,wang2015
effects of water limitation on yield advantage and water use in wheat (triticum aestivum l.)/maize (zea mays l.) strip intercropping,wang,2015,10.1016/j.eja.2015.09.007,yu2021,wang2015
ghg mitigation potential of different grazing strategies in the united states southern great plains,wang,2015,10.3390/su71013500,byrnes2018,wang2015
impact of irrigation volume and water salinity on winter wheat productivity and soil salinity distribution,wang,2015,10.1016/j.agwat.2014.10.027,cheng2021c,wang2015
"lime concretion black soil fertility evolutiion under long-term fertilizing. chapter 26 in the book ""china soil fertility evolution""",wang,2015,,bai2018,wang2015
"paddy soil fertility evolutiion under long-term fertilizing. chapter 43 in the book ""china soil fertility evolution""",wang,2015,,bai2018,wang2015
"red upland soil fertility evolutiion under long-term fertilizing for wheat-maize rotation. chapter 28 in the book ""china soil fertility evolution""",wang,2015,,bai2018,wang2015
soil infiltration characteristics in agroforestry systems and their relationships with the temporal distribution of rainfall on the loess plateau in china,wang,2015,10.1371/journal.pone.0124767,basche2019,wang2015
"yellow upland soil fertility evolutiion under long-term fertilizing. chapter 29 in the book ""china soil fertility evolution""",wang,2015,,bai2018,wang2015
characteristics of runoff and sediment production in navel orange orchard under natural rainfall,wang,2016,10.13698/j.cnki.cn36-1346/c.2016.06.021,liu2021,wang2016
conservation tillage increases soil bacterial diversity in the dryland of northern china,wang,2016,10.1007/s13593-016-0366-x,li2020,wang2016
effect of different returning method of straw to soil on soil chemical property and soybean yield,wang,2016,,lu2020,wang2016
"effects of long-term straw mulching on soil organic carbon, nitrogen and moisture and spring maize yield on rain-fed croplands under different patterns of soil tillage practice",wang,2016,,li2020,wang2016
influence of biochar on greenhouse gases emissions and physico-chemical properties of loess soil,wang,2016,,islam2021,wang2016
preliminary research on soil erosion and derived non-point pollution of navel orange orchard,wang,2016,10.14067/j.cnki.1673-923x.2015.05.013,liu2021,wang2016
biochar additions can enhance soil structure and the physical stabilization of c in aggregates,wang,2017,10.1016/j.geoderma.2017.05.027,islam2021,wang2017
effects of organic fertilizer combined with biochar on soil moisture and water use efficiency in vegetable field,wang,2017,,gao2020,wang2017
nitrogen fertilization improved water-use efficiency of winter wheat through increasing water use during vegetative rather than grain filling,wang,2017,10.1016/j.agwat.2017.11.010,yu2021,wang2017
"coupling effects of water and fertilizer on yield, water and fertilizer use efficiency of drip-fertigated cotton in northern xinjiang, china",wang,2018,10.1016/j.fcr.2018.02.002,cheng2021b,wang2018
"effects of biochar amendment, co2 elevation and drought on leaf gas exchange, biomass production and water use efficiency in maize",wang,2018,,gao2020,wang2018
effects of biochar on the stability of aggregates in aeolian soil,wang,2018,10.4067/s0718-95162013005000078,islam2021,wang2018
effects of straw returning on yield and soil aggregates composition and organic carbon distribution,wang,2018,,islam2021,wang2018
"evapotranspiration, crop coefficient and yield for drip-irrigated winter wheat with straw mulching in north china plain",wang,2018,10.1016/j.fcr.2017.05.010,lu2020,wang2018
"soil salinity, sodicity and cotton yield parameters under different drip irrigation regimes during saline wasteland reclamation",wang,2018,10.1016/j.agwat.2018.07.004,cheng2021b,wang2018
effect of combined application of biochar and straw onorganic carbon content in purple soil aggregates,wang,2019,,islam2021,wang2019
effects of alternate partial root-zone irrigation on the utilization and movement of nitrates in soil by tomato plants,wang,2019,10.1016/j.scienta.2018.08.006,cheng2021a,wang2019
effects of biochar addition on photosynthetic characteristics of sorghum sudanense in crude oil polluted soils,wang,2019,,gao2020,wang2019
effects of biochar on soil aggregate structure in greenhouse,wang,2019,10.1007/s11104-012-1250-3,islam2021,wang2019
impact of biochar on water retention of two agricultural soils: a multi-scale analysis,wang,2019,10.1016/j.geoderma.2019.01.012,edeh2020,wang2019
soil hydrologic response to number of pastures and stocking density under intensive rotation grazing,warren,1986,10.2307/3898757,delonge2018,warren1986
the influence of livestock trampling under intensive rotation grazing on soil hydrologic characteristics,warren,1986,10.2307/3898755,delonge2018,warren1986
impact of vegetative filter strips on herbicide loss in runoff from soybean (glycine max),webster,1996,10.1017/s0043174500094509,sun2015,webster1996
off-site runoff losses of metolachlor and metribuzin applied to differing soybean (glycine max) production systems,webster,1996,10.1017/s0890037x00040434,sun2015,webster1996
effects of tillages on soil organic carbon sequestration in north china plain,wei,2013,,li2020,wei2013
stable carbon isotope discrimination on water use efficiency of field tomato under furrow irrigation,wei,2013,,cheng2021a,wei2013
effect and comprehensive evaluation of biochar application mode on slope farmland in black soil region,wei,2018,,gao2020,wei2018
effects of different kinds of organic materials application on organic carbon and humus composition within different aggregate size fractions in a black soil,wei,2018,,islam2021,wei2018
aggregate stability in organically and conventionally farmed soils,williams,2009,10.1111/j.1475-2743.2009.00223.x,bai2018,williams2009
"comparison of runoff, soil erosion, and winter wheat yields from no-till and inversion tillage production systems in northeastern oregon",williams,2009,10.2489/jswc.64.1.43,mhazo2016,williams2009
crop species and tillage effects on carbon sequestration in subsurface soil,wright,2007,10.1097/ss.0b013e31802d11eb,mondal2020,wright2007
soil organic c and n distribution for wheat cropping systems after 20 years of conservation tillage in central texas,wright,2007,10.1016/j.agee.2006.11.011,mondal2020,wright2007
effect of drip irrigation and fertilizer application on water use efficiency and cotton yield in north of xinjiang,wu,2014,,cheng2021b,wu2014
effects of conservation tillage on soil physical properties of rainfed field of the loess plateau in central of gansu,wu,2014,,li2020,wu2014
greenhouse gas emissions from cotton field under different irrigation methods and fertilization regimes in arid northwestern china,wu,2014,,gao2020,wu2014
effects of different fertilization on the corn yield and soil enzyme activity in corn growth period,wu,2015,,lu2020,wu2015
"effects of saline water irrigation on tomato growth, qualtiy and yield under straw mulching",wu,2015,,cheng2021c,wu2015
"loess soil fertility evolutiion under long-term different tillage. chapter 17 in the book ""china soil fertility evolution""",wu,2015,,bai2018,wu2015
"altering surface soil dynamics with winter cover crops in a vegetable cropping system: impacts on yield, nitrate leaching, pests and management costs",wyland,1996,,jian2020,wyland1996
"winter cover crops in a vegetable cropping system: impacts on nitrate leaching, soil water, crop yield, pests and management costs",wyland,1996,10.1016/0167-8809(96)01048-1,shackelford2019,wyland1996
characteristics of the nitrogen and phosphorus loss in the runoff under different soil and water conservation measures on the slope orchard,xie,2014,,liu2021,xie2014
identifying response groups of soil nitrifiers and denitrifiers to grazing and associated soil environmental drivers in tibetan alpine meadows,xie,2014,10.1016/j.soilbio.2014.06.024,byrnes2018,xie2014
"effects of applying different kind fertilizers on enzyme activities related to carbon, nitrogen and phosphorus cycles in reddish paddy soil",xu,2013,,li2020,xu2013
soil organic carbon stocks as affected by tillage systems in a double-cropped rice field,xu,2013,10.1016/s1002-0160(13)60062-4,mondal2020,xu2013
evaluating the effect of tillage on carbon sequestration using the minimum detectable difference concept,yang,2008,10.1016/s1002-0160(08)60033-8,mondal2020,yang2008
impacts of long-term and recently imposed tillage practices on the vertical distribution of soil organic carbon,yang,2008,10.1016/j.still.2008.05.003,mondal2020,yang2008
hydrological and soil conservation effects of citrus garden in red soil slop,yang,2011,,liu2021,yang2011
"response of net photosynthetic rate in flowering and boll-forming stages, and cotton yield to irrigation and nitrogen fertilizer application",yang,2011,,cheng2021b,yang2011
arbuscular mycorrhizal fungal community structure and diversity in response to 3-year conservation tillage management in a sandy loam soil in north china,yang,2012,10.1007/s11368-012-0518-9,li2020,yang2012
"eco-hydrological characteristics and soil and water conservation effect of citrus plantation on slope red soil of jiangxi province, chinn",yang,2012,10.13287/j.1001-9332.2012.0058,liu2021,yang2012
"effects of partial root-zone irrigation on physiology, fruit yield and quality and water use efficiency of tomato under different calcium levels",yang,2012,10.1016/j.agwat.2011.12.001,cheng2021a,yang2012
effects of long-term no-tillage on soil structure and organic carbon distribution in different soil layers,yang,2017,,li2020,yang2017
improved water use efficiency and fruit quality of greenhouse crops under regulated deficit irrigation in northwest china,yang,2017,10.1016/j.agwat.2016.05.029,yu2021,yang2017
effect of water-nitrogen on cotton yield and root characteristics in different growth stage under mulching drip irrigation,yu,2015,,cheng2021b,yu2015
"impact of land-use changes on soil hydraulic properties of calcaric regosols on the loess plateau, nw china",yu,2015,10.1002/jpln.201400090,basche2017,yu2015
estimation of runoff mitigation by morphologically different cover crop root systems,yu,2016,10.1016/j.jhydrol.2016.04.060,meyer2019,yu2016
responses of corn physiology and yield to six agricultural practices over three years in middle tennessee,yu,2016,10.1038/srep27504,gao2020,yu2016
study of pummelo orchards grow grass on runoff soil physical and chemical properties and gis application,yuan,2017,,liu2021,yuan2017
the characteristics of biochar from halophyte plants and the amelioration effect and its mechanism on the salt-affected soil,yuan,2017,,islam2021,yuan2017
benefits of soil and water conservation measurement on orchard slope land of red soil,zhang,2001,10.13870/j.cnki.stbcxb.2001.02.028,liu2021,zhang2001
effect of vetivera zizanioides and amorpha fruticosa on soil and water conservation in yellow skoping upland areas of middle guizhou,zhang,2001,,xiong2018,zhang2001
effects of regulated deficit irrigation on grain yield and water use efficiency of spring wheat in an arid environment,zhang,2007,10.4141/p04-165,yu2020,zhang2007
relationship between soil structure and runoff/soil loss after 24 years of conservation tillage,zhang,2007,10.1016/j.still.2006.01.006,mhazo2016,zhang2007
"soil properties and barley yield under a twenty-years experiment of tillage, straw management and nitrogen application rate in the sub-arctic area of alaska",zhang,2007,10.1080/09064710601160110,mondal2020,zhang2007
effect of straw and plastic film management under contrasting tillage practices on the physical properties of an erodible loess soil,zhang,2008,10.1016/j.still.2007.09.001,mondal2020,zhang2008
experimental study on usle model in granite gneiss region of northern jiangsu province,zhang,2008,,xiong2018,zhang2008
analysis of the characteristics of nitrogen and phosphorus loss in orchards on red soil sloping land under different vegetation conditions,zhang,2010,cnki:sun:hhdx.0.2010-05-002,liu2021,zhang2010
"effect of biochar amendment on yield and methane and nitrous oxide emissions from a rice paddy from tai lake plain, china",zhang,2010,10.1016/j.agee.2010.09.003,omondi2016,zhang2010
soil nutrient contents and enzymatic characteristics as affected by 7-year no tillage under maize cropping in a meadow brown soil,zhang,2010,10.4067/s0718-27912010000200006,mondal2020,zhang2010
study on soil and water conservation effect under different inter-cropping for orchards on red soil slope land,zhang,2010,,liu2021,zhang2010
effects of planting forage grasses on eco-enviroment in a peach orchard,zhang,2011,,liu2021,zhang2011
"emissions of n2o and nh3, and nitrogen leaching from direct seeded rice under different tillage practices in central china",zhang,2011,10.1016/j.agee.2010.11.023,mondal2020,zhang2011
effect of tillage measures on the soil potassium contents and yields in the double sequence rotation system,zhang,2012,,lu2020,zhang2012
effects of conservation tillage on soil aggregation and aggregate binding agents in black soil of northeast china,zhang,2012,10.1016/j.still.2012.06.007,mondal2020,zhang2012
effects of tillage and residue management on soil nematode communities in north china,zhang,2012,10.1016/j.ecolind.2011.05.009,ranaivoson2017,zhang2012
soil microbial community dynamics over a maize (zea mays l,zhang,2012,10.1016/j.still.2012.05.011,mondal2020,zhang2012
comparison of three tillage systems in the wheat-maize system on carbon sequestration in the north china plain,zhang,2013,10.1016/j.jclepro.2013.04.033,mondal2020,zhang2013
effects of the alternate years deep plowing on leaf senescence after anthesis and grain yield of summer maize,zhang,2013,,lu2020,zhang2013
emissions of ch4 and n2o under different tillage systems from double-cropped paddy fields in southern china,zhang,2013,10.1371/journal.pone.0065277,mondal2020,zhang2013
"application of different management measures to reduce runoff losses of nitrogen, phosphorus and copper from orchard in dense river network plain",zhang,2014,10.3969/j.issn.1002-6819.2014.02.017,liu2021,zhang2014
"changes in soil properties, yield and trace gas emission from a paddy after biochar amendment in two consecutive rice growing cycles",zhang,2014,,omondi2016,zhang2014
"effects of drip irrigation with saline water on cotton yield, soil physical and chemical properties, and soil n2o emission",zhang,2014,,cheng2021c,zhang2014
a one-year short-term biochar application improved carbon accumulation in large macroaggregate fractions,zhang,2015,10.1016/j.catena.2014.12.009,omondi2016,zhang2015
"cinnamon fluvo-acqic soil fertility evolutiion under long-term fertilizing, chapter 9 in the book ""china soil fertility evolution""",zhang,2015,,bai2018,zhang2015
conservation tillage positively influences the microflora and microfauna in the black soil of northeast china,zhang,2015,10.1016/j.still.2015.01.001,mondal2020,zhang2015
integrative effects of soil tillage and straw management on crop yields and greenhouse gas emissions in a rice–wheat cropping system,zhang,2015,10.1016/j.eja.2014.11.005,lu2020,zhang2015
biochar effect on water evaporation and hydraulic conductivity in sandy soil,zhang,2016,10.1016/s1002-0160(15)60041-8,rabbi2021,zhang2016
biochar helps enhance maize productivity and reduce greenhouse gas emissions under balanced fertilization in a rainfed low fertility inceptisol,zhang,2016,10.1016/j.chemosphere.2015.04.088,omondi2016,zhang2016
"coupling water and fertilizer effects on cotton yield, nitrogen accumulation and nitrogen use efficiency",zhang,2016,,cheng2021b,zhang2016
effect of conservation farming practices on soil organic matter and stratification in a mono-cropping system of northern china,zhang,2016,10.1016/j.still.2015.10.008,li2020,zhang2016
effects of conservation tillage on physical and chemical  characteristics under a pea-wheat rotation system in the loess plateau,zhang,2016,,li2020,zhang2016
effects of conservation tillage on soil physical properties and corn yield in sandy soil,zhang,2016,,li2020,zhang2016
"effects of deficit irrigation and plant density on the growth, yield and fiber quality of irrigated cotton",zhang,2016,10.1016/j.fcr.2016.06.003,cheng2021b,zhang2016
influence of returning corn stalks to field under different soil moisture contents on root growth and water use efficiency of wheat (triticum aestivum l.),zhang,2016,,yu2020,zhang2016
soil water balance and water use efficiency of dryland wheat in different precipitation years in response to green manure approach,zhang,2016,10.1038/srep26856,jian2020,zhang2016
benefit evaluation on typical soil and water conservation measures in citrus orchard on red soil slope,zhang,2017,,liu2021,zhang2017
effects of ridging and mulching combined practices on proso millet growth and yield in semi-arid regions of china,zhang,2017,10.1016/j.fcr.2017.06.015,lu2020,zhang2017
"effects of straw and biochar amendments on aggregate stability, soil organic carbon, and enzyme activities in the loess plateau, china",zhang,2017,10.1007/s11356-017-8505-8,islam2021,zhang2017
effects of tillage and residue managements on organic c accumulation and soil aggregation in a sandy loam soil of the north china plain,zhang,2017,10.1016/j.catena.2017.04.012,li2020,zhang2017
"effects of water stress on processing tomatoes yield, quality and water use efficiency with plastic mulched drip irrigation in sandy soil of the hetao irrigation district",zhang,2017,10.1016/j.agwat.2016.07.022,lu2019,zhang2017
effects of biochar application on irrigation tillage sandy soil aggregate and nutrition content,zhang,2018,,islam2021,zhang2018
"effects of mixed use of biochar and polyacrylamide on soil moisture, the growth, physiological characteristics and yield of maize",zhang,2018,,gao2020,zhang2018
effects of maize straw and its biochar application on organic and humic carbon in water-stable aggregates of a mollisol in northeast china: a five-year field experiment,zhang,2019,10.1016/j.still.2019.02.014,islam2021,zhang2019
improvement of physical and hydraulic properties of desert soil with amendment of different biochars,zhang,2019,10.1007/s11368-019-02293-8,islam2021,zhang2019
conservation tillage practices reduce nitrogen losses in the sloping upland of the three gorges reservoir area: no-till is better than mulch-till,zhang,2020,10.1016/j.agee.2020.107003,liu2021,zhang2020
"effects of six-year biochar amendment on soil aggregation, crop growth, and nitrogen and phosphorus use efficiencies in a rice-wheat rotation",zhang,2020,10.1016/j.jclepro.2019.118435,islam2021,zhang2020
effect of different tillages on soil physical properties of dryland wheat field in the loess plateau,zhao,2009,,li2020,zhao2009
soil and water conservation effects of protective tillage measures on sloping farmland,zhao,2009,,xiong2018,zhao2009
"comparisons of yield, water use efficiency, and soil microbial biomass as affected by the system of rice intensification",zhao,2010,10.1080/00103620903360247,du2018,zhao2010
effect of different cultivation measures on activity and bound forms of organic carbon in lou soil,zhao,2010,,li2020,zhao2010
"plateau red soil fertility evolutiion under long-term fertilizing. chapter 30 in the book ""china soil fertility evolution""",zhao,2015,,bai2018,zhao2015
stratification and storage of soil organic carbon and nitrogen as affected by tillage practices in the north china plain,zhao,2015,10.1371/journal.pone.0128873,mondal2020,zhao2015
effect of vegetation changes on soil erosion on the loess plateau,zheng,2006,10.1016/s1002-0160(06)60071-4,xiong2018,zheng2006
soil conservation benefit analysis for citrus orchard in the reservoir basin of three gorges,zheng,2006,,xiong2018,zheng2006
"effect of regulated deficit irrigation on the plant growth, yield and quality of processing tomato under border irrigation in hetao irrigation district",zheng,2016,,lu2019,zheng2016
improving yield and water use efficiency of apple trees through intercrop-mulch of crown vetch (coronilla varia l.) combined with different fertilizer treatments in the loess plateau,zheng,2016,10.5424/sjar/2016144-9575,jian2020,zheng2016
limited irrigation for improving water use efficiency of winter wheat in the guanzhong plain of northwest china,zheng,2016,10.13031/trans.59.11810,yu2020,zheng2016
micromorphological analysis of soil structure under no tillage management in the black soil zone of northeast china,zhou,2009,10.1007/s11629-009-1034-2,mondal2020,zhou2009
runoff and sediment yield on slope land in initial stages of conversion of cropland to forest in northwestern hunan province,zhou,2009,,xiong2018,zhou2009
biochar amendment of chromium-polluted paddy soil suppresses greenhouse gas emissions and decreases chromium uptake by rice grain,zhou,2019,10.1007/s11368-018-2170-5,islam2021,zhou2019
biochar enhances soil hydraulic function but not soil aggregation in a sandy loam,zhou,2019,10.1111/ejss.12732,islam2021,zhou2019
effects of waste application on the distribution and stability of soil aggregates in the paddy field of fuzhou plain,zhu,2016,,islam2021,zhu2016
"non-leguminous winter cover crop and nitrogen rate in relation to double rice grain yield and nitrogen uptake in dongting lake plain, hunan province, china",zhu,2016,10.1016/s2095-3119(16)61331-x,jian2020,zhu2016
benefits of plant strips for sustainable mountain agriculture,zuazo,2008,10.1051/agro:2008020,liu2021,zuazo2008
harvest intensity of aromatic shrubs vs. soil erosion: an equilibrium for sustainable agriculture (se spain),zuazo,2008,10.1016/j.catena.2007.09.006,lee2019,zuazo2008
